{
    "LiveValue": 6,
    "CoinValue": 155,
    "PlayerPosition": {
        "x": -0.6762037873268127,
        "y": -0.43641263246536257,
        "z": 0.0
    }
}